,name,position_firm,sex,age,contact_details,email_add,vc_stakeholders,industry_cluster,reg_businessname,business_addr,form_interprise,issued_by_business_reg,issued_by_product_reg,issued_by_cert_reg,issued_by_lic_op,issued_by_iso_cert,issued_by_gapgmp_cert,issued_by_organic,issued_by_halal,issued_by_other_cert,type_enterprise,store_capacity_organic,store_capacity_synthetic,potential_organic,potential_synthetic,other_info_organic,other_info_synthetic,store_capacity_pesticides,store_capacity_herbicides,potential_pesticides,potential_herbicides,other_info_pesticides,other_info_herbicides,store_capacity_vermicast_compost,potential_vermicast_compost,other_info_vermicast_compost,store_capacity_seedlings,potential_seedlings,other_info_seedlings,store_capacity_others_specific_products,potential_others_specific_products,other_info_others_specific_products,area_capacity_drying,potential_exp_drying,other_info_drying,area_capacity_storage_hauling,potential_exp_storage_hauling,other_info_storage_hauling,area_capacity_storage,potential_exp_storage,other_info_storage,current_capacity_semi_processing,potential_exp_semi_processing,other_info_semi_processing,current_capacity_final_product,potential_exp_final_product,other_info_final_product,volume_consolidation,potential_consolidation,other_info_consolidation,production_pack_label,potential_pack_label,other_info_pack_label,loan_portfo_micro_financing,potential_micro_financing,other_info_micro_financing,loan_portfo_insurance,potential_insurance,other_info_insurance,prodsales_product_service,prodsales_sales_vol,prodsales_unit_selling,prodsales_unit_measurement,prodsales_payment_terms,raw_materials,volume_supply,quality_requirement,unit_measurement_raw,distrib_point_local_cust,sales_vol_local_cust,payment_terms_local_cust,inhouse_num_workersmale,inhouse_num_workersfemale,inhouse_memb_ip_group,inhouse_ave_workdays,inhouse_ave_salary,sub_cont_num_workersmale,sub_cont_num_workersfemale,sub_cont_memb_ip_group,sub_cont_ave_workdays,sub_cont_ave_salary,piece_rate_num_workersmale,piece_rate_num_workersfemale,piece_rate_memb_ip_group,piece_rate_ave_workdays,piece_rate_ave_salary,form_interprise2,pricing,quality_raw,quality_final_prod,other_specifyc3,existing_comm,prov_supp_assis,business_prodc3,member_livelihood,what_cluster_industry
0,Samuel A. Cabagay,owner,Male,23,09485810355,sam@gmail.com,MSME,coconut,Chocoa,bukidnon,Single/Sole,samples,,,,,,,,,,asdsad,asdsad,sadasd,asdasd,sadsad,asdsad,asdasd,asd,asdsad,asdasd,asdasd,sada,asdasd,asdasd,asdasd,asdasd,asdasd,asdasd,asdasd,"asdasd""""""""""""""""""""""""""""""""""""""""""""""""""""""""""""""""""""""""""""""""""""""""""""""""",asdasd,asdasd,asdasd,,asdasd,asdasd,asdasd,None,None,None,asdasd,asdasd,asdasd,asdasd,asdasd,asdasd,asdasd,asdasd,asdasd,asdasd,asdasd,asdasd,asdasd,asdasd,asdasd,asdasd,asdasd,asdasd,asdasd,asdasd,asdasd,asdasd,None,asd,asdasd,sad,,,,,,,,,,,,,,,,,,,,Yes,Yes,No,,,No,,,Yes,asdas
1,Charles Hallasgos,owner,Male,26,0923187312,charles@gmail.com,MSME,coconut,nut,southern leyte,Corporation,,,,,,,,,,,,,,,,,,,,,,,,,,,,,,"""""",,,,,,,,None,None,None,,,,,,,,,,,,,,,,,,,,,,,,,,,,,,,,,,,,,,,,,,,,,,,,,,,,,,,
2,Reignme Burdeoss,owner,Male,25,09372647182,reign@gmail.com,MSME,coffee,reignfee,"Butuan City, agusan del norte",Single/Sole,,,,,,,,,,,,,,,,,,,,,,,,,,,,,,"""",,,,,,,,,,,,,,,,,,,,,,,,,,,,,,,,,None,,,,,,,,,,,,,,,,,,,,,,,,,,,,,,,,
3,John Doe,owner,Male,25,09382746152,johnd@gmail.com,MSME,coconut,cocojohn,Davao del sur,Single/Sole,sample,sample2,,,,,,,,Medium (15.1M-100M),oragnic 	store capacity,synth store capacity,organic potential,synt potential,organic other,synth other,pest store capacity,herb store capacity,pest potential ,herb potential,peasd,aoisdhaosid,soaidj,asodij,asoidjasd,asidoa,asdoijasdij,sadiojsadio,asiodjasiod,iosadjioasd,saidjasid,asdjsaoij,saodijas,asdij,asoidj,saodij,asdij,,,,asiodj,asidja,aiodj,asjdioasjd,iasjdiasdj,asidjasdi,asidojasoidj,asoidjasiod,asdiojsadioj,aisdjasoid,oasijdasidasd,asiodja,asodij,saiodj,sadioj,asiodjsadioj,asidojasdioj,asiodjsadij,asiodjasid,asoidjsaoid,asiodjsad,sadioj,,asdhsdi,ihassaduh,sauidhsauidh,sauidhasiudh,asdjaosidjas,ijasiodjaosidjas,oijsadoijsd,asoidjas,,oaisdjsaoid,aosidj,asdiojasd,asodij,,asdiojd,asodijsaoid,aoisdjsaio,aosidjsaiod,,saidjsaodij,aosidjd,saiodjsdij,No,Yes,Yes,No,other prob,No,No,No,Yes,asdhasiudh
4,jason tatum,owner,Male,25,09382614251,jason@gmail.com,MSME,,Pilingon,"bayugan, agusan del sur",Single/Sole,,,,,,,,,,,,,,,,,,,,,,,,,,,,,,"""""",,,,,,,,,,,,,,,,,,,,,,,,,,,,,,,,,,,,,,,,,,,,,,,,,,,,,,,,None,None,None,None,,None,None,None,None,
5,Jay Balino,owner,Female,25,09283716251,jay@gmail.com,MSME,coffee,jayfee,"Butuan City, agusan del norte",Single/Sole,,,,,,,,,,None,,,,,,,,,,,,,,,,,,,,,,,,,,,,,,,,,,,,,,,,,,,,,,,,,,,,,,,,,,,,,,,,,,,,,,,,,,,,None,None,None,None,,None,None,None,None,
6,Cris John Montanez,owner,Male,25,09381726351,cris@gmail.com,MSME,coffee,C coffee,maguindanao,Single/Sole,,,,,,,,,,None,,,,,,,,,,,,,,,,,,,,,,,,,,,,,,,,,,,,,,,,,,,,,,,,,,,,,,,,,,,,,,,,,,,,,,,,,,,,None,None,None,None,,None,None,None,None,
7,ivan serrano,owner,Male,25,09382615261,,MSME,Coconut,gummy,southern leyte,Partnership,,,,,,,,,,None,,,,,,,,,,,,,,,,,,,,,,,,,,,,,,,,,,,,,,,,,,,,,,,,,,,,,,,,,,,,,,,,,,,,,,,,,,,,None,None,None,None,,None,None,None,None,
8,Jessa Doe,owner,Female,28,09381735162,,MSME,Coffee,kopi,davao del sur,Corporation,,,,,,,,,,,,,,,,,,,,,,,,,,,,,,"""",,,,,,,,,,,,,,,,,,,,,,,,,,,,,,,,,,,,,,,,,,,,,,,,,,,,,,,,None,None,None,None,,None,None,None,None,
9,felix aude,owner,Male,28,09381735164,,MSME,Coconut,kopi,davao oriental,Partnership,,,,,,,,,,None,,,,,,,,,,,,,,,,,,,,,,,,,,,,,,,,,,,,,,,,,,,,,,,,,,,,,,,,,,,,,,,,,,,,,,,,,,,,None,None,None,None,,None,None,None,None,
10,Marie,owner,Female,23,09381735163,,MSME,Coffee,kopi,surigao del sur,Partnership,,,,,,,,,,None,,,,,,,,,,,,,,,,,,,,,,,,,,,,,,,,,,,,,,,,,,,,,,,,,,,,,,,,,,,,,,,,,,,,,,,,,,,,None,None,None,None,,None,None,None,None,
11,Jojo nati,owner,Male,23,09381735161,,MSME,Coconut,kopinut,surigao del sur,Corporation,,,,,,,,,,None,,,,,,,,,,,,,,,,,,,,,,,,,,,,,,,,,,,,,,,,,,,,,,,,,,,,,,,,,,,,,,,,,,,,,,,,,,,,None,None,None,None,,None,None,None,None,
12,azura natividad,owner,Male,23,09381735160,,MSME,,caoko,maguindanao,Single/Sole,,,,,,,,,,None,,,,,,,,,,,,,,,,,,,,,,,,,,,,,,,,,,,,,,,,,,,,,,,,,,,,,,,,,,,,,,,,,,,,,,,,,,,,None,None,None,None,,None,None,None,None,
13,guia mesa,owner,Female,28,09481726451,,MSME,Coconut,nata de coco,zamboanga del norte,Partnership,,,,,,,,,,None,,,,,,,,,,,,,,,,,,,,,,,,,,,,,,,,,,,,,,,,,,,,,,,,,,,,,,,,,,,,,,,,,,,,,,,,,,,,None,None,None,None,,None,None,None,None,
14,sza mesa,owner,Female,28,09481726450,,MSME,Coffee,kapi baraku,zamboanga del sur,Corporation,,,,,,,,,,None,,,,,,,,,,,,,,,,,,,,,,,,,,,,,,,,,,,,,,,,,,,,,,,,,,,,,,,,,,,,,,,,,,,,,,,,,,,,None,None,None,None,,None,None,None,None,
15,Papa P,owner,Male,28,09481726478,,MSME,,pilipili,zamboanga sibugay,Partnership,,,,,,,,,,None,,,,,,,,,,,,,,,,,,,,,,,,,,,,,,,,,,,,,,,,,,,,,,,,,,,,,,,,,,,,,,,,,,,,,,,,,,,,None,None,None,None,,None,None,None,None,
16,Angel locsin,owner,Female,28,09481726476,,MSME,Coconut,kaka,leyte,Single/Sole,,,,,,,,,,,,,,,,,,,,,,,,,,,,,,"""",,,,,,,,,,,,,,,,,,,,,,,,,,,,,,,,,,,,,,,,,,,,,,,,,,,,,,,,None,None,None,None,,None,None,None,None,
17,Kashe Lopez,owner,Female,29,09872615241,,MSME,Coffee,maam coffee,sultan kudarat,Partnership,,,,,,,,,,None,,,,,,,,,,,,,,,,,,,,,,,,,,,,,,,,,,,,,,,,,,,,,,,,,,,,,,,,,,,,,,,,,,,,,,,,,,,,None,None,None,None,,None,None,None,None,
18,jason derulo,owner,Male,31,09172615241,,MSME,Cacao,kokoa,sarangani,Single/Sole,,,,,,,,,,None,,,,,,,,,,,,,,,,,,,,,,,,,,,,,,,,,,,,,,,,,,,,,,,,,,,,,,,,,,,,,,,,,,,,,,,,,,,,None,None,None,None,,None,None,None,None,
19,jason momoa,owner,Male,38,09172615240,,MSME,Cacao,tokelet,lanao del norte,Single/Sole,,,,,,,,,,None,,,,,,,,,,,,,,,,,,,,,,,,,,,,,,,,,,,,,,,,,,,,,,,,,,,,,,,,,,,,,,,,,,,,,,,,,,,,None,None,None,None,,None,None,None,None,
20,Sizzy mazie,owner,Female,46,09172615242,,MSME,Cacao,juicy,north cotabato,Single/Sole,,,,,,,,,,None,,,,,,,,,,,,,,,,,,,,,,,,,,,,,,,,,,,,,,,,,,,,,,,,,,,,,,,,,,,,,,,,,,,,,,,,,,,,None,None,None,None,,None,None,None,None,
21,Drex Pol,owner,Male,46,09172615247,,MSME,Cacao,mint,misamis oriental,Single/Sole,,,,,,,,,,None,,,,,,,,,,,,,,,,,,,,,,,,,,,,,,,,,,,,,,,,,,,,,,,,,,,,,,,,,,,,,,,,,,,,,,,,,,,,None,None,None,None,,None,None,None,None,
22,via luz,owner,Female,32,09872615263,,MSME,Coconut,nata,agusan del norte,Single/Sole,,,,,,,,,,None,,,,,,,,,,,,,,,,,,,,,,,,,,,,,,,,,,,,,,,,,,,,,,,,,,,,,,,,,,,,,,,,,,,,,,,,,,,,None,None,None,None,,None,None,None,None,
23,ed caluag jr.,owner,Male,35,09281726354,,MSME,Coffee,starbucks,agusan del norte,Single/Sole,,,,,,,,,,,,,,,,,,,,,,,,,,,,,,"""",,,,,,,,,,,,,,,,,,,,,,,,,,,,,,,,,,,,,,,,,,,,,,,,,,,,,,,,None,None,None,None,,None,None,None,None,
24,Karla Espida,owner,Female,38,09471625461,karla@gmail.com,MSME,Coffee,kopiko,agusan del sur,Single/Sole,,,,,,,,,,None,,,,,,,,,,,,,,,,,,,,,,,,,,,,,,,,,,,,,,,,,,,,,,,,,,,,,,,,,,,,,,,,,,,,,,,,,,,,None,None,None,None,,None,None,None,None,
25,Alicia Sister Adarayan,Owner,Female,60.0,9631297233.,,MSME,Coconut,Alice And Vic Food Processing,Brgy Binaticlan Laoang Northern Samar,Single/Sole,DTI registered ,,,,,,,,,Micro (3M below),,,,,,,,,,,,,,,,,,,,,,50%OF THE AREA  10X5 ,Y,,N/A,N/A,N/A,50%OF THE AREA  10X5 ,Y,N/A,100 PCS OF COCONUTS,Y,N/A,140 BOTTLES/ 250 ML,Y,N/A,140 BOTTLES/ 250 ML,Y,N/A,Plastic Bottle With Label Sanaol Mgpa Fresh,Y,N/A,Own fund for capital,Y,N/A,N/A,Y,N/A,Coco Jam,140 BOTTLES/250G,50 PHP EACH POUCH,pouch/grams,COD,Coconut,100 pcs of coconuts,Organic,Cash,Northern Samar,200 bottles of coco jam,COD,3.0,3.0,,8 days/mo,10000 php/mo,,,,,,,,,,,No,No,No,No,,No,No,Yes,,"Funds For Capital,Equipments And Facilities,Seedlings And Fertilizers,Training For Making Other Products"
26,Analyn Dianito Gulam,Owner,Female,40.0,09471676714,gulamanalyn82@gmail.com,MSME,Coconut,,"Laoang, Northern Samar",Single/Sole,No DTI Registration,,,,,,,,,Micro (3M below),,,,,,,,,,,,,,,,,,,,,,N/A,N/A,,N/A,N/A,N/A,N/A,N/A,N/A,15 kg of coco husk,Y,N/A,2 bilao of bukayo,Y,N/A,15 kg of coco husk,Y,N/A,2 bilao of bukayo,Y,N/A,N/A,N/A,N/A,N/A,N/A,N/A,Bokayo,2 bilao of bukayo,PhP600,per bilao,COD,Coconut,15 kg of coco husk,Color,Cash,Laoang,2 bilao of bukayo,COD,1.0,1.0,,1.0,N/A,,,,,,,,,,,No,No,No,No,,No,No,Yes,,Provision of financial support and equipment
27,Angela Escandor Te,Owner,Female,20.0,9357122290.,lilibethete144@gmail.com,MSME,Cacao,Rj Food Products,Brgy. Baybay Laoang Northern Samar,Single/Sole,DTI registered ,,,,,,,,,Micro (3M below),,,,,,,,,,,,,,,,,,,,,,50% OF THE AREA/3X5,Y,,N/A,N/A,N/A,50% OF THE AREA/3X5,Y,N/A,36 KGS OF CACAO (DRIED),Y,N/A,2520 PCS OF TABLEA,Y,N/A,2520 PCS OF TABLEA,Y,N/A,Plastic Cellophane Without Label,Y,N/A,Own fund for capital,Y,N/A,N/A,Y,N/A,Tablea,2520 PCS OF TABLEA,6 PHP EACH,per pc,COD,Cacao,84 kgs ,Organic,Cash,Northern Samar,5880 pcs of tablea,COD,2.0,2.0,,12 days/mo,35280 php/mo,,,,,,,,,,,No,No,No,No,,No,No,Yes,,"Funds For Capital,Equipments And Facilities,Seedlings And Fertilizers,Training For Making Other Products"
28,Bernadeth Tacmo Irinco,Manager,Female,51.0,09515112209,,MSME,Coconut,,"Brgy. Sto. Niño, Laoang, Northern Samar",Single/Sole,No DTI Registration,,,,,,,,,Micro (3M below),,,,,,,,,,,,,,,,,,,,,,N/A,N/A,,N/A,N/A,N/A,20 percent ,Y,N/A,220 pieces of coconut ,Y,N/A,440 buko juice,Y,N/A,220 pieces of coconut ,Y,N/A,440 buko juice,Y,N/A,ASA-Coconut,Y,N/A,N/A,N/A,N/A,Buko juice,440 buko juice,PhP18,per piece,COD,Coconut,220 pieces of coconut ,Color,Cash,Laoang,440 buko juice,COD,1.0,1.0,,22.0,250.0,,,,,,,,,,,No,No,No,No,,No,No,Yes,,Provision of financial support for buko juice business
29,Carlota Asebuche Dura,Owner,Female,48.0,09755914304,carlotaasebuchedura@gmail.com,MSME,Cacao,,"Laoang, Northern Samar",Single/Sole,No DTI Registration,,,,,,,,,Micro (3M below),,,,,,,,,,,,,,,,,,,,,,N/A,N/A,,N/A,N/A,N/A,N/A,N/A,N/A,10 kg,Y,N/A,900 pcs of tablea,Y,N/A,10 kg,Y,N/A,900 pcs of tablea,Y,N/A,N/A,N/A,N/A,N/A,N/A,N/A,Tablea,900 pcs of tablea,PhP100,per pack,COD,Cacao beans,10 kg,Color,Cash,Laoang,900 pcs of tablea,COD,1.0,1.0,,1.0,N/A,,,,,,,,,,,"Yes, lack of supply",No,No,No,,No,No,Yes,,Provision of financial support and materials
30,Ceasar M. Delos Reyes,Owner,Male,39.0,09971971400,,MSME,Pili,,"Brgy. Sabang II, Allen, Northern Samar",Single/Sole,No DTI Registration,,,,,,,,,Micro (3M below),,,,,,,,,,,,,,,,,,,,,,70 sq. meters (50%),Y,,N/A,N/A,N/A,70 sq. meters,Y,N/A,300 kg dry beans,Y,N/A,N/A,N/A,N/A,1000 kg with shell,Y,N/A,300 kg,Y,N/A,MSDC-Pili,Y,N/A,N/A,N/A,N/A,Pili bean,300 kg,PhP500,kg,COD,Pili beans,300 kg,Color,Cash,Allen and Catbalogan,300 kg,COD,2.0,5.0,,20.0,None,1.0,5.0,,20.0,21000.0,,,,,,"Yes, it has been hard to locate farmer-suppliers.",No,"Yes, sometimes the procured beans are low in quality. ",No,,No,No,Yes,N/A,Provide financial assistance for pili farmers
31,Cedrick Josana Laguitan Caber,Owner,Male,20.0,9125780025.,,MSME,Pili,Cabers Food Services,Brgy.Tumagingting Laoang Northern Samar,Single/Sole,DTI registered ,,,,,,,,,Micro (3M below),,,,,,,,,,,,,,,,,,,,,,50% OF THE AREA 5X4,Y,,N/A,N/A,N/A,50% OF THE AREA 5X4,Y,N/A,12 KG OF DRIED PILI,Y,N/A,"3,000 PCS PILI TART",Y,N/A,"3,000 PCS PILI TART",Y,N/A,Plastic Tub With Labelling,Y,N/A,Own fund for capital,Y,N/A,N/A,Y,N/A,Pili Tart,"3,000 PCS ",15 PHP EACH,per pc,COD,Pili (Dried),12 kgs,Organic,Cash,Northern Samar,3000 pcs of pili tart,COD,1.0,1.0,,5 days/mo,"45,000 php/mo",,,,,,,,,,,No,No,No,No,,No,No,Yes,,"Funds For Capital,Equipments And Facilities,Seedlings And Fertilizers,Training For Making Other Products"
32,Desiree Corocoto Erinco,Owner,Female,34.0,9203450618.,,MSME,Cacao,Desiree Native Delecacies,Brgy. Suba Laoang Northern Samar,Single/Sole,DTI registered ,,,,,,,,,Micro (3M below),,,,,,,,,,,,,,,,,,,,,,50% OF THE AREA/3X4,Y,,N/A,N/A,N/A,50% OF THE AREA/3X4,Y,N/A,8 KGS OF CACAO (DRIED),Y,N/A,800 PCS OF TABLEA,Y,N/A,800 PCS OF TABLEA,Y,N/A,Plastic Cellophane Without Label,Y,N/A,Own fund for capital,Y,N/A,N/A,Y,N/A,Tablea,600 PCS OF TABLEA,5 PHP/EACH,per pc,COD,Cacao,8 kgs ,Organic,Cash,Northern Samar,600 pcs of tablea,COD,1.0,1.0,,8 days/mo,3000/mo,,,,,,,,,,,No,No,No,No,,No,No,Yes,,"Funds For Capital,Equipments And Facilities,Seedlings And Fertilizers,Training For Making Other Products"
33,Dina Lustico  Paredes,Owner,Female,43.0,09102645486,dinaparedes211979@gmail.com,MSME,Cacao,,"Brgy. Santa Clara, Bobon",Single/Sole,No DTI Registration,,,,,,,,,Micro (3M below),,,,,,"They only purchase cacao from the market, so they dont have an idea if the farmers have used synthetic fertilizers or not",,,,,,,,,,,,,,,,10 sq. meters (50%),Y,,N/A,N/A,N/A,10 sq. meters,Y,N/A,2 kg,Y,N/A,1.75 kg of tablea,Y,N/A,2 kg per batch; 3 batches per month,Y,N/A,115 packs,Y,N/A,N/A,N/A,N/A,Cacao,Y,N/A,Tablea,400 pieces,PhP120,per 20 pieces,COD,Cacao beans,6 kg ,Color,Cash,Bubon,400 pieces,COD,1.0,1.0,,4.0,2400.0,,,,,,,,,,,No,No,No,No,,No,No,Yes,,"Provision of financial support, equipment, and facilities."
34,Edgar Espena Garzon,Owner,Male,50.0,9203969395.,,MSME,Coconut,Edgar Eatery,Brgy. Baybay Laoang Northern Samar,Single/Sole,DTI registered ,,,,,,,,,Micro (3M below),,,,,,,,,,,,,,,,,,,,,,25% OF THE AREA 4X68,Y,,N/A,N/A,N/A,25% OF THE AREA 4X68,Y,N/A,120 PCS COCONUTS,Y,N/A,"2,000 PCS OF PUTO COCONUT",Y,N/A,"2,000 PCS OF PUTO COCONUT",Y,N/A,Plastic Cellophane With Label,Y,N/A,Own fund for capital,Y,N/A,N/A,Y,N/A,Puto Coconut,"2,000 PCS",6 PHP EACH,per pc,COD,Coconut,120 pcs of coconuts,Organic,Cash,Northern Samar,"2,000 pcs of puto coconut",COD,2.0,2.0,,30days/mo,"12,000 php/mo",,,,,,,,,,,No,No,No,No,,No,No,Yes,,"Funds For Capital,Equipments And Facilities,Seedlings And Fertilizers,Training For Making Other Products"
35,Edna Iringco Acebuche,Owner,Female,44.0,9515023275.,ednaacebuche@1978@gmail.com,MSME,Cacao,Ednas Homemade Products,Brgy Rawis Laoang Northern Samar,Single/Sole,DTI registered ,,,,,,,,,Micro (3M below),2 Sacks/Mo,,2 Sacks/Mo,,,,,,,,,,,,,,,,,,,25% OF THE  AREA 200SQ METERS,Y,,N/A,N/A,N/A,25% OF THE  AREA 200SQ METERS,Y,N/A,5 KGS OF CACAO (DRIED),Y,N/A,1000 PCS OF TABLEA,Y,N/A,1000 PCS OF TABLEA,Y,N/A,Plastic Cellophane Without Label,Y,N/A,Own fund for capital,Y,N/A,N/A,Y,N/A,Tablea,1000 PCS,10PHP EACH,per pc,COD,Dried Cacao,5 kgs,Organic,Cash,Laoang Municipality,1000 pcs of tablea,COD,,3.0,,7 days/mo,10000 php/mo,,,,,,,,,,,No,No,No,No,,No,No,Yes,,"Funds For Capital,Equipments And Facilities,Seedlings And Fertilizers,Training For Making Other Products"
36,Emelda T. Pantaleon,Owner,Female,54.0,09758753703,,MSME,Pili,,"Brgy. Sabang II, Allen, Northern Samar",Single/Sole,No DTI Registration,,,,,,,,,Micro (3M below),,,,,,,,,,,,,,,,,,,,,,N/A,N/A,,N/A,N/A,N/A,N/A,N/A,N/A,unable to estimate,N/A,N/A,5 kg pili nuts,Y,N/A,N/A,N/A,N/A,5 kg pili nuts,Y,N/A,ASA- Pili,Y,N/A,N/A,N/A,N/A,Pili nuts,5 kg pili nuts,PhP100,per pack,COD,Pili,unable to estimate,Color,Cash,Allen,5 kg pili nuts,COD,4.0,4.0,,7.0,N/A,,,,,,,,,,,"Yes, high price",No,No,No,,No,No,No,,"Control the purchasing of pili from other regions like Bicol from Allen, to promote balance and sustainable supply."
37,Erick P. Bugtong,Owner,Male,22.0,09073119270,bugtongerick99@gmail.com,MSME,Pili,Sangkay ko yon - Pili Enterprise,"Brgy. Sabang II, Allen, Northern Samar",Single/Sole,No DTI Registration,,,,,,,,,Micro (3M below),,,,,,,,,,,,,,,,,,,,,,N/A,N/A,,N/A,N/A,N/A,N/A,N/A,N/A,unable to estimate,N/A,N/A,40 kg/month,Y,N/A,30 kg/ month,Y,N/A,Large 40 pcs; Medium 60; Small 200,Y,N/A,N/A,N/A,N/A,N/A,N/A,N/A,Pili nuts,Large 40 pcs; Medium 60; Small 200,Large PhP60; Medium PhP40; Small PhP20,per pack,GCASH or COD,Pili beans,30 kg,Color,Cash,Allen,Large 40 packs; Medium 60 packs; Small 200 packs,COD,2.0,3.0,,8.0,None,,,,,,,,,,,"Yes,  high price of raw materials in off season.",Yes,Yes,No,,No,No,No,"Yes, through agriculture support.","Control the purchasing of pili from other regions like Bicol from Allen, to promote balance and sustainable supply."
38,Estellita Datiles,Owner,Female,76.0,09305745554,joyceestrella15@gmail.com,MSME,Cacao,,"Brgy. Salvacion, Bobon",Single/Sole,No DTI Registration,,,,,,,,,Micro (3M below),,,,,,,"They do not apply anything, they only perform smoking to induce flowering through the the constituent of a smoke--ethylene gas.",,,,,,,,,,,,,,,400 sq. meters (20%),Y,,N/A,N/A,N/A,400 sq. meters (5%),Y,N/A,6 kg,Y,N/A,4 kg of tablea,Y,N/A,6 kg,Y,N/A,4 kg of tablea,Y,N/A,N/A,N/A,N/A,N/A,N/A,N/A,Tablea,4 kg of tablea,PhP10,per piece,COD,Cacao beans,6 kg,Color,Cash,Bubon,4 kg of tablea,COD,,3.0,,4.0,1200.0,,,,,,,,,,,No,No,No,No,,No,No,Yes,,Provision of financial support to expand tablea and cacao business
39,Gemma Galupo Narca,Owner,Female,32.0,9398856586.,,MSME,Cacao,None,Brgy. Baybay Laoang Northern Samar,Single/Sole,DTI registered ,,,,,,,,,Micro (3M below),,,,,,,,,,,,,,,,,,,,,,15% OF THE AREA 3X4,Y,,N/A,N/A,N/A,15% OF THE AREA 3X4,Y,N/A,10 KGS OF CACAO (DRIED),Y,N/A,500 PCS OF TABLEA,Y,N/A,500 PCS OF TABLEA,Y,N/A,Plastic Cellophane Without Label,Y,N/A,Own fund for capital,Y,N/A,N/A,Y,N/A,Tablea,500 PCS,5PHP EACH,per pc,COD,Dried Cacao,10kgs,Organic,Cash,Laoang Municipality,500 pcs of tablea,COD,1.0,2.0,,7 days/mo,2500 php/mo,,,,,,,,,,,No,No,No,No,,No,No,Yes,,"Funds For Capital,Equipments And Facilities,Seedlings And Fertilizers,Training For Making Other Products"
40,George Dula Longoria,Owner,Male,43.0,9485077265.,georlong79@gmail.com,MSME,Pili,Longorias Food Processing,Brgy.Little Venice Laoang Northern Samar,Single/Sole,DTI registered ,,,,,,,,,Micro (3M below),,,,,,,,,,,,,,,,,,,,,,50% OF THE AREA/5X4,Y,,N/A,N/A,N/A,50% OF THE AREA/5X4,Y,N/A,20 KG OF DRIED PILI,Y,N/A,240 BOTTLES/200GRAMS,Y,N/A,240 BOTTLES/200GRAMS,Y,N/A,Plastic Bottles With Label,Y,N/A,Own fund for capital,Y,N/A,N/A,Y,N/A,Pili Butter,6000 BOTTLES/MOL,180 PHP/BOTTLE,per pc,COD,Pili (Dried),20kg,Organic,Cash,Northern Samar,240 bottles of vinegar,COD,2.0,2.0,,12 days/mo,43200/mo,,,,,,,,,,,No,No,No,No,,No,No,Yes,,"Funds For Capital,Equipments And Facilities,Seedlings And Fertilizers,Training For Making Other Products"
41,Grace Dulla Lipata,Owner,Female,67.0,09506152017,,MSME,Coconut,Grace Delicacies,"Brgy. San Miguel Heights, Laoang, Northern Samar",Single/Sole,No DTI Registration,,,,,,,,,Micro (3M below),,,,,,,,,,,,,,,,,,,,,They do not use any of this.,N/A,N/A,,N/A,N/A,N/A,N/A,N/A,N/A,100 kg,Y,N/A,400 pcs of bukayo,Y,N/A,100 kg,Y,N/A,400 pcs of bukayo,Y,N/A,NSD-Coconut,Y,N/A,N/A,N/A,N/A,Bokayo,400 pcs of bukayo,PhP600,per bilao,COD,Coconut,100 kg,Color,Cash,Laoang,400 pcs of bukayo,COD,,1.0,,1.0,N/A,1.0,1.0,,1.0,200/DAY,,,,,,No,No,No,No,,No,No,Yes,,Provision of financial support and equipment
42,Hanoy Erinco Pinca,Owner,Female,46.0,9203450618.,,MSME,Coconut,Macy Rose Food Products,Brgy. Suba Laoang Northern Samar,Single/Sole,DTI registered ,,,,,,,,,Micro (3M below),,,,,,,,,,,,,,,,,,,,,,50% OF THE AREA/4X5,Y,,N/A,N/A,N/A,50% OF THE AREA/4X5,Y,N/A,64 PCS OF COCONUTS,Y,N/A,8000 PCS OF COCONUT CANDY,Y,N/A,8000 PCS OF COCONUT CANDY,Y,N/A,Plastic Cellophane Without Label,Y,N/A,Own fund for capital,Y,N/A,N/A,Y,N/A,Coconut Candy,8000 PCS ,1 PHP,per pc,COD,Coconut,64 pcs of coconuts,Organic,Cash,Northern Samar,8000 pcs of coconut candy,COD,2.0,2.0,,12 days/mo,8000 php/mo,,,,,,,,,,,No,No,No,No,,No,No,Yes,,"Funds For Capital,Equipments And Facilities,Seedlings And Fertilizers,Training For Making Other Products"
43,Janissa Balanquit Adora,Owner,Female,37.0,09277630965,janissadora@gmail.com,MSME,Cacao,,"Brgy. Guilaoangi, Laoang, Northern Samar",Single/Sole,No DTI Registration,,,,,,,,,Micro (3M below),,,,,,,,,,,,,,,,,,,,,,10 percent,Y,,N/A,N/A,N/A,N/A,N/A,N/A,3 kg,Y,N/A,120 pcs tablea,Y,N/A,3 kg,Y,N/A,120 pcs tablea,Y,N/A,DOST- Cacao,Y,N/A,Cacao,Y,N/A,Tablea,120 pcs tablea,PhP120,per pack,COD,Cacao beans,3 kg,Color,Cash,Laoang,120 pcs tablea,COD,1.0,1.0,,6.0,N/A,,,,,,,,,,,"Yes, lack of supply",No,No,No,,No,No,Yes,,Provision of financial support
44,Jayrick Cerbito Galit,Owner,Male,35.0,09568877227,,MSME,Coconut,,"Laoang, Northern Samar",Single/Sole,No DTI Registration,,,,,,,,,Micro (3M below),,,,,,,,,,,,,,,,,,,,,,N/A,N/A,,N/A,N/A,N/A,N/A,N/A,N/A,20 kg,Y,N/A,40 bottles,Y,N/A,20 kg,Y,N/A,40 bottles,Y,N/A,N/A,N/A,N/A,N/A,N/A,N/A,Bottle of jams,40 bottles,PhP120,per bottle,COD,Coconut,20 kg,Color,Cash,Laoang,40 bottles,COD,2.0,,,1.0,N/A,,,,,,,,,,,No,No,No,No,,No,No,Yes,,Provision of financial support and equipment
45,Jean M. Vacunawa,Manager,Female,35.0,09355656455,,MSME,Pili,Daryl Jean Pili Nuts,"Purok 1, Brgy. Tasvilla, Allen, Northern Samar",Single/Sole,DTI; 07/26/2026,,BIR; 01/31/2023,,,,,,,Micro (3M below),,,,,,,,,,,,,,,,,,,,,,10 percent,Y,,N/A,N/A,N/A,10 percent,Y,N/A,450 kg,Y,N/A,170 packs,Y,N/A,450 kg,Y,N/A,170 packs,Y,N/A,ASA; BPI; Home credit; AMOEC; CFI Catarman,Y,N/A,N/A,N/A,N/A,Pili delicacies,170 packs,PhP110,per piece,"GCASH, COD, BANK TRANSFER",Pili,450 kg,Color,Cash,"Catarman, Calbayog",170 packs,"GCASH, COD, BANK TRANSFER",2.0,2.0,,25.0,N/A,3.0,,,5.0,30 PER KG,,,,,,"Yes, lack of supply",No,No,No,,"Yes, siblings",No,No,,Cash assistance
46,Joan Escandor Poso,Owner,Female,44.0,9618597211.,NONE,MSME,Coconut,J-Mhar Store,Brgy.Baybay Laoang Northern Samar,Single/Sole,DTI registered ,,,,,,,,,Micro (3M below),,,,,,,,,,,,,,,,,,,,,,50% OF THE AREA/4X5,Y,,N/A,N/A,N/A,50% OF THE AREA/4X5,Y,N/A,60 PCS  COCONUTS,Y,N/A,200 PCS OF BOKHAYO,Y,N/A,200 PCS OF BOKHAYO,Y,N/A,Plastic Tub With Labelling,Y,N/A,Own fund for capital,Y,N/A,N/A,Y,N/A,Coco Fretzels,960 PACKS,25 PHP/PACK,per pc,COD,Coconut,100 pcs of coconuts,Organic,Cash,Northern Samar,960 packs of coco fretzels,COD,2.0,1.0,,24 days/mo,33600 php/mo,,,,,,,,,,,No,NO,No,No,,No,No,Yes,,"Funds For Capital,Equipments And Facilities,Seedlings And Fertilizers,Training For Making Other Products"
47,Jonathan Aberella Lora,Owner,Male,50.0,NONE,,MSME,Coconut,None,None,Single/Sole,DTI registered ,,,,,,,,,Micro (3M below),,,,,,,,,,,,,,,,,,,,,,50% OF THE AREA/5X5,Y,,N/A,N/A,N/A,50% OF THE AREA/5X5,Y,N/A,12 TRESS OF COCONUT,Y,N/A,50 GALLOONS OF COCO VINEGAR,Y,N/A,50 GALLOONS OF COCO VINEGAR,Y,N/A,Plastic Galloon Without Label,Y,N/A,Own fund for capital,Y,N/A,N/A,Y,N/A,Coco Vinegar,50 GALLOONS,100PHP/GALLOON,per gal,COD,Coconut,48 trees of coconut,Organic,Cash,Northern Samar,200galloons of coco wine,COD,1.0,,,30 days/mo,20000.0,,,,,,,,,,,No,NO,No,No,,No,No,Yes,,"Funds For Capital,Equipments And Facilities,Seedlings And Fertilizers,Training For Making Other Products"
48,Lusanta Caparroso Guinanao,Owner,Female,62.0,9656995881.,,MSME,Coconut,None,Brgy. Baybay Laoang Northern Samar,Single/Sole,DTI registered ,,,,,,,,,Micro (3M below),,,,,,,,,,,,,,,,,,,,,,50% OF THE AREA 3X5,Y,,N/A,N/A,N/A,50% OF THE AREA 3X5,Y,N/A,120 PCS COCONUTS,Y,N/A,54 KG OF COCO POWDER,Y,N/A,54KG OF COCO POWDER,Y,N/A,Plastic Cellophane Without Label,Y,N/A,Own fund for capital,Y,N/A,N/A,Y,N/A,Coco Powder,54KGS,60PHP/KG,per kg,COD,Coconut,120 pcs of coconuts,Organic,Cash,Northern Samar,54 kgs of coco jam,COD,1.0,1.0,,24 days/mo,3240php/mo.,,,,,,,,,,,No,No,No,No,,No,No,Yes,,"Funds For Capital,Equipments And Facilities,Seedlings And Fertilizers,Training For Making Other Products"
49,Ma. Cristine Adarayan Dianito,Owner,Female,31.0,09707962871,,MSME,Coconut,Prince and Tin Foodstore,"Brgy. Aguadahan, Laoang, Northern Samar",Single/Sole,DTI; 02/18/2027,,,,,,,,,Micro (3M below),,,,,,,,,,,,,,,,,,,,,,N/A,N/A,,N/A,N/A,N/A,N/A,N/A,N/A,unable to estimate,N/A,N/A,375 pcs bokayo,Y,N/A,N/A,N/A,N/A,375 pcs bokayo,Y,N/A,N/A,N/A,N/A,N/A,N/A,N/A,Bokayo,375 pcs bokayo,PhP15,per piece,Cash,Coconut,unable to estimate,Color,Cash,Laoang,375 pcs bokayo,Cash,1.0,1.0,,15.0,N/A,,,,,,,,,,,No,No,No,No,,No,No,Yes,,Training
50,Maria F. Brin,Owner,Female,35.0,,,MSME,Pili,Pili Brittle,"Brgy. Lagundi, Allen, Northern Samar",Single/Sole,DTI; 2027,,,,,,,,,Micro (3M below),,,,,,,,,,,,,,,,,,,,,,100 sq. meters (25 percent),Y,,N/A,N/A,N/A,100 sq. meters (25 percent),Y,N/A,160 kg,Y,N/A,32 kg of pili candy,Y,N/A,160 kg,Y,N/A,32 kg of pili candy,Y,N/A,Pili,Y,N/A,N/A,N/A,N/A,Pili candy,32 kg of pili candy,PhP200,per pack,COD,Pili,160 kg,Color,Cash,"Allen, Cebu",32 kg of pili candy,COD,2.0,1.0,,16.0,300/ DAY,,,,,,,,,,,"Yes, high price of pili",No,No,No,,No,No,Yes,,Farm-to-market road
51,Marilyn B. Chua,Manager,Female,31.0,,,MSME,Cacao,Rey and Chie,"Brgy. Suba, Laoang, Northern Samar",Single/Sole,DTI; 02/04/2027,,,,,,,,,Micro (3M below),,,,,,,,,,,,,,,,,,,,,,N/A,N/A,,N/A,N/A,N/A,N/A,N/A,N/A,8 kg of cacao,Y,N/A,240 packs of tablea,Y,N/A,8 kg of cacao,Y,N/A,240 packs of tablea,Y,N/A,N/A,N/A,N/A,N/A,N/A,N/A,Tablea,240 packs of tablea,PhP125,per pack,COD,Cacao beans,8 kg of cacao,Color,Cash,Laoang,240 packs of tablea,COD,,1.0,,26.0,10000.0,,,,,,,,,,,"Yes, indemand of dried seeds","Yes, dried seeds became expensive",No,No,,No,No,Yes,,Provision of financial support as an additional capital
52,Marissa Rodriguez,Owner,Female,52.0,09672204258,marissarodriguez914@yahoo.com,MSME,Cacao,,"Brgy. Lucban, Bobon",Single/Sole,No DTI Registration,,,,,,,,,Micro (3M below),,,,,,"They purchased raw materials from the market, so they do not know how these cacaos have been grown",,,,,,,,,,,,,,,,150 sq. meters (50%),Y,,N/A,N/A,N/A,150 sq. meters (50%),Y,N/A,4 kg/ batch,Y,N/A,240 pcs. of tablea/ batch,Y,N/A,4 kg/ batch,Y,N/A,240 pcs. of tablea/ batch,Y,N/A,N/A,N/A,N/A,Cacao,Y,N/A,Tablea,240 pcs. of tablea,PhP10,per piece,COD,Cacao beans,4 kg/ batch,Color,Cash,Bubon,240 pcs. of tablea,COD,1.0,5.0,,3.0,9600.0,,,,,,,,,,,No,Yes,No,No,,No,No,Yes,,"Provision of financial support, equipment, and facilities."
53,Marjelyn Adriantico Poriage,Manager,Female,27.0,09126509522,marjelynmap@gmail.com,MSME,Pili,,"Lavezares, Northern Samar",Single/Sole,DTI registered ,,,,,,,,,Micro (3M below),,,,,,,,,,,,,,,,,,,,,,N/A,N/A,,N/A,N/A,N/A,N/A,N/A,N/A,6 kg of pili,Y,N/A,1500 pcs. of pili tart,Y,N/A,6 kg of pili,Y,N/A,1500 pcs. of pili tart,Y,N/A,N/A,N/A,N/A,N/A,N/A,N/A,Pili tart,1500 pcs. of pili tart,PhP10,per piece,COD,Pili,6 kg of pili,Color,Cash,Laoang,1500 pcs. of pili tart,COD,2.0,2.0,,4.0,N/A,,,,,,,,,,,"Yes, lack of supply due to lack of raw material",No,"Yes, some have infected nuts","Yes, sometimes taste of products are not good",,No,No,No,,Capacity building trainings and seminars
54,Maxima T. Quibal,Owner,Female,60.0,09214811895,quibalmaxima@gmail.com,MSME,Cacao,,"Brgy. Sabang II, Allen, Northern Samar",Single/Sole,No DTI Registration,,,,,,,,,Micro (3M below),,,,,,,,,,,,,,,,,,,,,,N/A,N/A,,N/A,N/A,N/A,N/A,N/A,N/A,unable to estimate,N/A,N/A,7 kg,Y,N/A,10 kg cacao dried beans,Y,N/A,10 packs,Y,N/A,N/A,N/A,N/A,N/A,N/A,N/A,Tablea,40 packs,PhP100,per pack,COD,Dried cacao beans,10 kg ,Color,Cash,Palapag; online,40 packs,COD,,3.0,,3.0,None,,,,,,,,,,,"Yes,  high price of raw materials in off season.","Yes, it is assumed that price has to be increased.",No,No,,No,No,No,"Yes, financial support.",Locate traders with lower price of dried beans.
55,Meyrna Galero Adarayan,Owner,Female,46.0,09384051658,,MSME,Coconut,,"Laoang, Northern Samar",Single/Sole,No DTI Registration,,,,,,,,,Micro (3M below),,,,,,,,,,,,,,,,,,,,,,N/A,N/A,,N/A,N/A,N/A,N/A,N/A,N/A,12 kg,Y,N/A,800 pcs coconut candy,Y,N/A,12 kg,Y,N/A,800 pcs coconut candy,Y,N/A,ASA-Coconut,Y,N/A,N/A,N/A,N/A,Coconut candy,800 pcs coconut candy,PhP5,per piece,COD,Coconut,12 kg,Color,Cash,Laoang,800 pcs coconut candy,COD,2.0,,,1.0,N/A,,,,,,,,,,,No,No,No,No,,No,No,Yes,,Provision of financial support and equipment
56,Mida Irinco Geray,Owner,Female,67.0,9396484304.,midageray65@yahoo.com,MSME,Coconut,Cousins Variety Store,Brgy. Bobolosan Purok 2 Laoang Northern Samar,Single/Sole,DTI registered ,,,,,,,,,Micro (3M below),,,,,,,,,,,,,,,,,,,,,,25% OF THE AREA 2X4,Y,,N/A,N/A,N/A,25% OF THE AREA 2X4,Y,N/A,100 PCS OF COCONUTS,Y,N/A,80 POUCHES OF NATA DE COCO,Y,N/A,80 POUCHES OF NATA DE COCO,Y,N/A,Plastic Cellophane Without Label,Y,N/A,Own fund for capital,Y,N/A,N/A,Y,N/A,Nata De Coco,80 POUCHES,150 PHP EACH POUCH,pouch/ml,COD,Coconut,100 pcs of coconuts,Organic,Cash,Laoang Municipality,80 pouches of nata de coco,COD,1.0,3.0,,7 days/mo,12500 php/mo,,,,,,,,,,,No,No,No,No,,No,No,Yes,,"Funds For Capital,Equipments And Facilities,Seedlings And Fertilizers,Training For Making Other Products"
57,Milene Espeña Tamayo,Owner,Female,33.0,09991560600,,MSME,Cacao,,"Brgy. Baybay, Laoang, Northern Samar",Single/Sole,No DTI Registration,,,,,,,,,Micro (3M below),,,,,,,,,,,,,,,,,,,,,,N/A,N/A,,N/A,N/A,N/A,N/A,N/A,N/A,unable to estimate,N/A,N/A,600 pcs moron,Y,N/A,N/A,N/A,N/A,600 pcs moron,Y,N/A,N/A,N/A,N/A,N/A,N/A,N/A,Moron,600 pcs moron,PhP10,per piece,Cash,Cacao beans,unable to estimate,Color,Cash,Laoang,600 pcs moron,Cash,,2.0,,20.0,6000.0,,,,,,,,,,,No,No,No,No,,No,No,Yes,,
58,Monaliza Manlapaz Paloma,Owner,Female,44.0,9817777935.,,MSME,Coconut,M And A,Brgy.Suba Laoang Northern Samar,Single/Sole,DTI registered ,,,,,,,,,Micro (3M below),,,,,,,,,,,,,,,,,,,,,,50% OF THE AREA/10X5,Y,,N/A,N/A,N/A,50% OF THE AREA/10X5,Y,N/A,60 PCS OF COCONUTS,Y,N/A,600 PCS OF COCONUT ROLL,Y,N/A,600 PCS OF COCONUT ROLL,Y,N/A,Plastic Cellophane Without Label,Y,N/A,Own fund for capital,Y,N/A,N/A,Y,N/A,Coconut Roll,600 PCS OF COCONUT ROLL,10 PHP EACH,per pc,COD,Coconut,100 pcs of coconuts,Organic,Cash,Northern Samar,1000 pcs of coconut rolls,COD,1.0,1.0,,12 days/mo,10000 php/mo,,,,,,,,,,,No,No,No,No,,No,No,Yes,,"Funds For Capital,Equipments And Facilities,Seedlings And Fertilizers,Training For Making Other Products"
59,Monina Banyot Corocoto,Owner,Female,54.0,09812937100,,MSME,Coconut,Marjorie Corocoto,"Brgy. Suba, Laoang, Northern Samar",Single/Sole,No DTI Registration,,,,,,,,,Micro (3M below),,,,,,,,,,,,,,,,,,,,,,N/A,N/A,,N/A,N/A,N/A,N/A,N/A,N/A,unable to estimate,N/A,N/A,400 pcs bokayo,Y,N/A,N/A,N/A,N/A,400 pcs bokayo,Y,N/A,N/A,N/A,N/A,N/A,N/A,N/A,Bokayo,400 pcs bokayo,PhP1,per piece,Cash,Coconut,unable to estimate,Color,Cash,Laoang,400 pcs bokayo,Cash,,2.0,,2.0,N/A,,,,,,,,,,,No,No,No,No,,No,No,Yes,,
60,Myra H. Golondrina,Manager,Female,29.0,09508683462,myrahgolondrina@yahoo.com,MSME,Pili,Gabriel Pili Nuts,"Brgy. Ocad, Lavezares, Northern Samar",Single/Sole,No DTI Registration,,,,,,,,,Micro (3M below),,,,,,,,,,,,,,,,,,,,,,N/A,N/A,,N/A,N/A,N/A,10 sacks,Y,N/A,5 kg,Y,N/A,50 packs/day,Y,N/A,50 packs (10 kg of fresh pili),Y,N/A,21 packs,Y,N/A,N/A,N/A,N/A,N/A,N/A,N/A,Pili nuts,1400 packs,PhP 70,120 g/pack,GCASH/ Money remmitance,Pili beans,10 sacks,Color,Cash,Northern Samar; Manila,300 packs,COD,,1.0,,cannot be estimated by the respondent,,,,,,,,,,,,"Yes, shortage of pili nuts.",No,Yes,No,,No,No,Yes,,"Provision of cash assistance, equipment, and facilities."
61,Natvidad Adato De Asis,Owner,Female,45.0,9125780025.,,MSME,Coconut,Natividad Food Products,Brgy. Suba Laoang Northern Samar,Single/Sole,DTI registered ,,,,,,,,,Micro (3M below),,,,,,,,,,,,,,,,,,,,,,50% OF THE AREA/3X6,Y,,N/A,N/A,N/A,50% OF THE AREA/3X6,Y,N/A,120 PCS COCONUTS,Y,N/A,360 POUCHES/130G OF COCONUT TURMERIC,Y,N/A,360 POUCHES/130G OF COCONUT TURMERIC,Y,N/A,Plastic Pouches With Label,Y,N/A,Own fund for capital,Y,N/A,N/A,Y,N/A,Coconut Turmeric,360 POUCHES,120 PHP EACH POUCH,per pc,COD,Coconut,120 pcs of coconuts,Organic,Cash,Northern Samar,30 pouches of coco turmeric,COD,2.0,2.0,,4 days /mo,43200/mo,,,,,,,,,,,No,No,No,No,,No,No,Yes,,"Funds For Capital,Equipments And Facilities,Seedlings And Fertilizers,Training For Making Other Products"
62,Neil Infante Ortega,Owner,Male,53.0,9563912767.,oneilheinrich@gmail.com,MSME,Coconut,Boneils Buko Juice Stall,Brgy.San Miguel Heights Laoang Northern Samar,Single/Sole,DTI registered ,,,,,,,,,Micro (3M below),,,,,,,,,,,,,,,,,,,,,,50% OF THE AREA/3X5,Y,,N/A,N/A,N/A,50% OF THE AREA/3X5,Y,N/A,320 PCS OF COCONUTS,Y,N/A,22400 BOTTLES/200ML,Y,N/A,22400 BOTTLES/200ML,Y,N/A,,Y,N/A,Own fund for capital,Y,N/A,N/A,Y,N/A,Buko Juice,2240 BOTTLES OF BUKO JUICE,20 PHP EACH,per pc,COD,Coconut,320 pcs of coconuts,Organic,Cash,Northern Samar,2240 bottles of buko juice,COD,2.0,1.0,,12 days/mo,4480 ohp/mo,,,,,,,,,,,No,No,No,No,,No,No,Yes,,"Funds For Capital,Equipments And Facilities,Seedlings And Fertilizers,Training For Making Other Products"
63,Neilsen O. Chy,Manager,Male,26.0,09632450163,chyneilsen@gmail.com,MSME,Cacao,,"Palapag, Northern Samar",Single/Sole,DTI registered ,,,,,,,,,Micro (3M below),,,,,,,,,,,,,,,,,,,,,,N/A,N/A,,N/A,N/A,N/A,N/A,N/A,N/A,14 kg,Y,N/A,9 kg of tablea,Y,N/A,14 kg,Y,N/A,9 kg of tablea,Y,N/A,N/A,N/A,N/A,N/A,N/A,N/A,Tablea,9 kg of tablea,PhP130,per kg,COD,Cacao beans,14 kg,Color,Cash,Palapag,9 kg of tablea,COD,1.0,1.0,,3.0,N/A,,,,,,,,,,,Yes,No,No,No,,No,No,Yes,,Capacity building trainings and seminars
64,Nida Pormento Noynay,Co-owner,Female,65.0,09198672338,,MSME,Pili,,"Palapag, Northern Samar",Single/Sole,No DTI Registration,,,,,,,,,Micro (3M below),,,,,,,,,,,,,,,,,,,,,,N/A,N/A,,N/A,N/A,N/A,N/A,N/A,N/A,unable to estimate,N/A,N/A,15 kg pili candy,Y,N/A,N/A,N/A,N/A,15 kg pili candy,Y,N/A,DA- Pili,Y,N/A,N/A,N/A,N/A,Pili candy,15 kg pili candy,PhP50,per pack,COD,Pili,unable to estimate,Color,Cash,Allen,15 kg pili candy,COD,1.0,3.0,,6.0,N/A,,,,,,,,,,,"Yes, high price",No,"Yes, high price",No,,No,No,Yes,,Provision of additional capital
65,Patnia Madaraog,Owner,Female,52.0,09632652610,,MSME,Pili,Ashlyn Mae Food Products,"Brgy. Lagundi, Allen, Northern Samar",Single/Sole,DTI; 07/24/2024,,,,,,,,,Micro (3M below),,,,,,,,,,,,,,,,,,,,,,70 sq. meters (20%),Y,,N/A,N/A,N/A,N/A,N/A,N/A,400 kg,Y,N/A,5 kg pili nuts,Y,N/A,400 kg,Y,N/A,5 kg pili nuts,Y,N/A,N/A,N/A,N/A,N/A,N/A,N/A,Pili nuts,5 kg pili nuts,PhP100,per pack,COD,Pili,400 kg,Color,Cash,Catarman,5 kg pili nuts,COD,1.0,1.0,,12.0,N/A,,,,,,,,,,,"Yes, high price",No,"Yes, high price",No,,No,No,No,,Price control of raw materials
66,Perpetua Espera Poldo,Owner,Female,63.0,09287295116,,MSME,Cacao,,"Laoang, Northern Samar",Single/Sole,No DTI Registration,,,,,,,,,Micro (3M below),,,,,,,,,,,,,,,,,,,,,,20 percent,Y,,N/A,N/A,N/A,N/A,N/A,N/A,40 kg,Y,N/A,3200 pcs tablea,Y,N/A,40 kg,Y,N/A,3200 pcs tablea,Y,N/A,Arawan (5-6); Cacao,Y,N/A,N/A,N/A,N/A,Tablea,3200 pcs tablea,PhP7,per piece,COD,Cacao beans,40 kg,Color,Cash,Laoang,3200 pcs tablea,COD,1.0,2.0,,5.0,N/A,,,,,,,,,,,"Yes, travel time",No,No,Yes,,No,No,Yes,,Provision of financial support and equipment
67,Precy Galila Gerbito,Owner,Female,36.0,9293788914.,,MSME,Coconut,On Process,Brgy. Baybay Laoang Northern Samar,Single/Sole,DTI registered ,,,,,,,,,Micro (3M below),,,,,,,,,,,,,,,,,,,,,,50% OF THE AREA 4X6,Y,,N/A,N/A,N/A,50% OF THE AREA 4X6,Y,N/A,56 PCS COCONUTS,Y,N/A,2800 PCS OF COCONUT MACAROONS,Y,N/A,2800 PCS OF COCONUT MACAROONS,Y,N/A,Macaroon Cups With Labelling,Y,N/A,Own fund for capital,Y,N/A,N/A,Y,N/A,Coconut Macaroons,2800 PCS,10 PCS/85PHP,per pc,COD,Coconut,56 pcs of coconuts,Organic,Cash,Northern Samar,2800 pcs of coconut macaroons,COD,,1.0,,30 days/mo,"23,800 php/mo",,,,,,,,,,,No,No,No,No,,No,No,Yes,,"Funds For Capital,Equipments And Facilities,Seedlings And Fertilizers,Training For Making Other Products"
68,Premia Balanquit Tubalias,Owner,Female,71.0,09494046179,,MSME,Cacao,,"Brgy. Rawis, Laoang, Northern Samar",Single/Sole,No DTI Registration,,,,,,,,,Micro (3M below),,,,,,,,,,,,,,,,,,,,,,10 percent,Y,,N/A,N/A,N/A,N/A,N/A,N/A,3 kg of tablea,Y,N/A,800 kg of tablea,Y,N/A,3 kg of tablea,Y,N/A,800 kg of tablea,Y,N/A,N/A,N/A,N/A,N/A,N/A,N/A,Tablea,800 kg of tablea,PhP5,per piece,COD,Cacao beans,3 kg of tablea,Color,Cash,Laoang,800 kg of tablea,COD,,2.0,,7.0,3000.0,,,,,,,,,,,No,No,No,No,,No,No,Yes,,"Provision of additional capital, seedling equipment"
69,Rebecca Balanquit Geray,Owner,Female,66.0,NONE,,MSME,Cacao,None,Brgy. Baybay Laoang Northern Samar,Single/Sole,DTI registered ,,,,,,,,,Micro (3M below),,,,,,,,,,,,,,,,,,,,,,10% OF THE AREA 5X6,Y,,N/A,N/A,N/A,10% OF THE AREA 5X6,Y,N/A,3KGS OF CACAO (DRIED),Y,N/A,300 PCS OF TABLEA,Y,N/A,300 PCS OF TABLEA,Y,N/A,Plastic Cellophane Without Label,Y,N/A,Own fund for capital,Y,N/A,N/A,Y,N/A,Tablea,300 PCS,5PHP EACH,per pc,COD,Dried Cacao,3kgs,Organic,Cash,Brgy.Sibunot Laoang Northern Samar,300 pcs of tablea,COD,,1.0,,7 days/mo,1500php/mo,,,,,,,,,,,No,No,No,No,,No,No,Yes,,"Funds For Capital,Equipments And Facilities,Seedlings And Fertilizers,Training For Making Other Products"
70,Recardito Oliva,Owner,Male,54.0,09687353933,,MSME,Cacao,,"Brgy. Dancalan, Bobon",Single/Sole,No DTI Registration,,,,,,,,,Micro (3M below),5kg/ month *pig waste/ chicken dung,,50 kg/ month,,,,,,they do not use chemicals,,,,,,,,,,,,,54 sq. meters (25%),Y,,N/A,N/A,N/A,54 sq. meters (25%),Y,N/A,5kg/ batch,Y,N/A,260 pcs. of tablea/ batch,Y,N/A,5kg/ batch,Y,N/A,260 pcs. of tablea/ batch,Y,N/A,N/A,N/A,N/A,Cacao,Y,N/A,Tablea,260 pcs. of tablea,PhP10,per piece,COD,Cacao beans,5kg/ batch,Color,Cash,Bubon,260 pcs. of tablea,COD,1.0,,,7.0,2690.0,,,,,,,,,,,"Yes, when there are lots of orders and the supply is not enough",No,Yes,Yes,,No,No,Yes,,Provision of financial support to purchase raw materials
71,Ressel B. Valenzuela,Owner,Female,29.0,09155633673,resselvalenzuela@gmail.com,MSME,Pili,Maturan Pili Candies,"Brgy. Sabang II, Allen, Northern Samar",Single/Sole,DTI; 01/04/2027,,,,,,,,,Micro (3M below),,,,,,,,,,,,,,,,,,,,,,N/A,N/A,,N/A,N/A,N/A,N/A,N/A,N/A,unable to estimate,N/A,N/A,200 kg pili nuts,Y,N/A,N/A,N/A,N/A,200 kg pili nuts,Y,N/A,AMOEC-Pili,Y,N/A,N/A,N/A,N/A,Pili nuts,200 kg pili nuts,"L- PhP250/ pack
S- PhP100/ pack",per pack,GCASH/ COD,Pili,unable to estimate,Color,Cash,"Allen, Tacloban, Manila",200 kg pili nuts,GCASH/ COD,1.0,2.0,,20.0,18000.0,,1.0,,20.0,6000.0,,,,,,"Yes, due to high price.",No,"Yes, lots of bean rejects.",No,,No,No,Yes,,"Provision of financial support, trainings and seminars."
72,Ricardo C. Gabilan,Owner,Male,47.0,09166502950,,MSME,Coconut;Cacao,Gabilan Copra Buyer,"Brgy. Lapinig Del Norte, Lapinig, Northern Samar",Single/Sole,DTI registered ,,,,,,,,,Micro (3M below),,,,,,,,,,,,,,,,,,,,,,250 sq. meters (24%),Y,,N/A,N/A,N/A,250 sq. meters (24%),Y,N/A,10 kg,Y,N/A,7 kg of tablea,Y,N/A,10 kg,Y,N/A,7 kg of tablea,Y,N/A,N/A,N/A,N/A,N/A,N/A,N/A,Tablea,7 kg of tablea,PhP100,per pack,COD,Coconut;Cacao,10 kg,Color,Cash,Lapinig,7 kg of tablea,COD,1.0,1.0,,8.0,N/A,,,,,,,,,,,"Yes, lack of raw materials",No,"Yes, due to infected beans",Yes,,No,No,No,,Capacity building trainings and seminars
73,Rizalynne Blossom Laguitan Caber ,Owner,Female,43.0,9125780025.,NONE,MSME,Coconut,Cabers Food Services,Brgy. Tumagingting Laoang Northern Samar,Single/Sole,DTI registered ,,,,,,,,,Micro (3M below),,,,,,,,,,,,,,,,,,,,,,50% OF THE AREA/3X4,Y,,N/A,N/A,N/A,50% OF THE AREA/3X4,Y,N/A,100 PCS OF COCONUTS,Y,N/A,200 BOXES OF BUKO PIE MEDIUM SIZE,Y,N/A,200 BOXES OF BUKO PIE MEDIUM SIZE,Y,N/A,Plastic Cellophane Without Label,Y,N/A,Own fund for capital,Y,N/A,N/A,Y,N/A,Buko Pie,200 PCS BUKO PIE MEDIUM SIZE,150 PHP  ,per pc,COD,Coconut,50 pcs of coconuts,Organic,Cash,Northern Samar,300 pcs buko pie,COD,2.0,1.0,,2 days,45000/mo,,,,,,,,,,,No,No,No,No,,No,No,Yes,,"Funds For Capital,Equipments And Facilities,Seedlings And Fertilizers,Training For Making Other Products"
74,Rosalyn Lucban Lagremas,Owner,Female,28.0,9122495804.,roselagremas@gmail.com,MSME,Pili,None,Brgy. Baybay Laoang Northern Samar,Single/Sole,DTI registered ,,,,,,,,,Micro (3M below),1 Sack/Month,,2 Sakcs/Month,,,,,,,,,,,,,,,,,,,10% OF THE AREA 4X5,Y,,N/A,N/A,N/A,10% OF THE AREA 4X5,Y,N/A,5-6KG OF PILI (UNOD),Y,N/A,350 PCS OF PILI CANDY,Y,N/A,350 PCS OF PILI CANDY,Y,N/A,Plastic Cellophane Without Label,Y,N/A,Own fund for capital,Y,N/A,N/A,Y,N/A,Pili Candy,350 PCS ,5 PHP/EACH,per pc,COD,Pili (Dried),6kgs,Organic,Cash,Municipality Of Laoang,350 pcs  of pili candy,COD,,2.0,,7 days/mo,8500 php/mo,,,,,,,,,,,Yes,Yes,Yes,No,,No,No,Yes,,"Funds For Capital,Equipments And Facilities,Seedlings And Fertilizers,Training For Making Other Products"
75,Rosemarei  S. Dulay,Manager,Female,48.0,09276860574,,MSME,Coconut,,"Brgy. Tumaginting, Laoang, Northern Samar",Single/Sole,No DTI Registration,,,,,,,,,Micro (3M below),,,,,,,,,,,,,,,,,,,,,,15 percent,Y,,N/A,N/A,N/A,5 percent ,Y,N/A,650 pieces of coconut,Y,N/A,1300 bukos juice,Y,N/A,650 pieces of coconut,Y,N/A,1300 bukos juice,Y,N/A,N/A,N/A,N/A,N/A,N/A,N/A,Buko juice,1300 bukos juice,PhP18,per piece,COD,Coconut,650 pieces of coconut,Color,Cash,Laoang,1300 bukos juice,COD,1.0,2.0,,26.0,8000.0,,,,,,,,,,,"Yes, sealed cap",No,No,No,,No,No,No,,Provision of financial support for storage improvement
76,Sheila Camarines Pinea,Owner,Female,56.0,09618597211,,MSME,Cacao,,"Laoang, Northern Samar",Single/Sole,No DTI Registration,,,,,,,,,Micro (3M below),,,,,,,,,,,,,,,,,,,,,,N/A,N/A,,N/A,N/A,N/A,N/A,N/A,N/A,2 kilos of cacao,Y,N/A,1000 pcs of tablea,Y,N/A,2 kilos of cacao,Y,N/A,1000 pcs of tablea,Y,N/A,N/A,N/A,N/A,N/A,N/A,N/A,Tablea,1000 pcs of tablea,PhP5,per piece,COD,Cacao beans,2 kilos of cacao,Color,Cash,Laoang,1000 pcs of tablea,COD,1.0,1.0,,1.0,N/A,,,,,,,,,,,No,No,No,No,,No,No,Yes,,"Provision of financial support and equipment, liquified petroleum and stove"
77,Veneranda Lim Irinco,Owner,Female,68.0,09686907538,,MSME,Cacao,,"Brgy. Rawis, Laoang, Northern Samar",Single/Sole,No DTI Registration,,,,,,,,,Micro (3M below),,,,,,,,,,,,,,,,,,,,,,10 percent,Y,,N/A,N/A,N/A,N/A,N/A,N/A,3 kg,Y,N/A,2 kg of tablea,Y,N/A,3 kg,Y,N/A,2 kg of tablea,Y,N/A,N/A,N/A,N/A,N/A,N/A,N/A,Tablea,2 kg of tablea,PhP120,per 25 pieces,COD,Cacao beans,3 kg,Color,Cash,Laoang,2 kg of tablea,COD,1.0,2.0,,7.0,4800.0,,,,,,,,,,,No,No,No,No,,No,No,Yes,,Provision of farm inputs
78,Wenefreda Morales Tan,Manager,Female,66.0,09154561834,,MSME,Coconut,,"Simontan Street, Brgy. Baybay, Laoang, Northern Samar",Single/Sole,DTI registered ,,,,,,,,,Micro (3M below),,,,,,,,,,,,,,,,,,,,,,N/A,N/A,,N/A,N/A,N/A,N/A,N/A,N/A,160 kg of coconut ,Y,N/A,800 suman,Y,N/A,160 kg of coconut ,Y,N/A,800 suman,Y,N/A,ASA,Y,N/A,N/A,N/A,N/A,Suman,800 suman,PhP15,per piece,COD,Coconut,160 kg of coconut ,Color,Cash,Northern Samar,800 suman,COD,,1.0,,20.0,5000.0,,,,,,,,,,,No,No,No,No,,No,No,Yes,,Financial Assistance
79,Wenefreda Vallegas Ramos,Owner,Female,46.0,9357122751.,rwenefreda@gmail.com,MSME,Coconut,Weng Food Products,Bliss Site Guilaoangi Laoang Northern Samar,Single/Sole,DTI registered ,,,,,,,,,Micro (3M below),,,,,,,,,,,,,,,,,,,,,,50% OF THE AREA MAKABINGWIT,Y,,N/A,N/A,N/A,50% OF THE AREA MAKABINGWIT,Y,N/A,80 PCS OF COCONUTS,Y,N/A,1400 PCS OF COCONUT CANDY,Y,N/A,1400 PCS OF COCONUT CANDY,Y,N/A,Plastic Cellophane Without Label,Y,N/A,Own fund for capital,Y,N/A,N/A,Y,N/A,Coconut Macaroons,1400 PCS OF MACAROONS,12 PCS FOR 25PHP,per pc,COD,Coconut,80 pcs of coconuts,Organic,Cash,Northern Samar,1000 pcs of coco macaroons,COD,1.0,1.0,,12 days/mo,2925 php/mo,,,,,,,,,,,No,No,No,No,,No,No,Yes,,"Funds For Capital,Equipments And Facilities,Seedlings And Fertilizers,Training For Making Other Products"
80,Zenaida Acedero Paloma,Owner,Female,58.0,09484707777,,MSME,Coconut,,"Laoang, Northern Samar",Single/Sole,No DTI Registration,,,,,,,,,Micro (3M below),,,,,,,,,,,,,,,,,,,,,,N/A,N/A,,N/A,N/A,N/A,N/A,N/A,N/A,2.5 kg,Y,N/A,50 pieces of coconut candy,Y,N/A,2.5 kg,Y,N/A,50 pieces of coconut candy,Y,N/A,N/A,N/A,N/A,N/A,N/A,N/A,Coconut candy,50 pieces of coconut candy,PhP5,per piece,COD,Coconut,2.5 kg,Color,Cash,Laoang,50 pieces of coconut candy,COD,,1.0,,1.0,N/A,,,,,,,,,,,No,No,No,No,,No,No,No,,Provision of financial support and equipment
81,john fern,owner,Male,29,09485810355,saop@gmail.com,MSME,,cocojohn,agusan del norte,Single/Sole,,,,,,,,,,None,,,,,,,,,,,,,,,,,,,,,,,,,,,,,,,,,,,,,,,,,,,,,,,,,,,,,,,,,,,,,,,,,,,,,,,,,,,,None,None,None,None,,None,None,None,None,
82,asxasdasd,owner,Male,29,09126354305,jay@gmail.com,MSME,,asdkjas,agusan del sur,Single/Sole,,,,,,,,,,None,,,,,,,,,,,,,,,,,,,,,,,,,,,,,,,,,,,,,,,,,,,,,,,,,,,,,,,,,,,,,,,,,,,,,,,,,,,,None,None,None,None,,None,None,None,None,
83,sandra,owner,Male,30,09872615263,sandra@gmail.com,MSME,,asdasd,agusan del norte,Single/Sole,,,,,,,,,,None,,,,,,,,,,,,,,,,,,,,,,,,,,,,,,,,,,,,,,,,,,,,,,,,,,,,,,,,,,,,,,,,,,,,,,,,,,,,None,None,None,None,,None,None,None,None,
84,jason mraz,owner,Male,31,09126354305,jhason@gmail.com,MSME,,icecream,sarangani,Single/Sole,,,,,,,,,,None,,,,,,,,,,,,,,,,,,,,,,,,,,,,,,,,,,,,,,,,,,,,,,,,,,,,,,,,,,,,,,,,,,,,,,,,,,,,None,None,None,None,,None,None,None,None,
85,jaconbz,owner,Male,39,09381735162,kol@gmail.com,MSME,cacao,cocojohn,agusan del norte,Single/Sole,,,,,,,,,,,,,,,,,,,,,,,,,,,,,,"""",,,,,,,,None,None,None,,,,,,,,,,,,,,,,,,,,,,,,,,,,,,,,,,,,,,,,,,,,,,None,None,None,None,,None,None,None,None,
